{
  "2024": {
    "bounds": {
      "south": 52.24607426809743,
      "west": 4.685825351769769,
      "north": 52.462172688706374,
      "east": 5.1180221929876595
    },
    "stats": {
      "min": 17.50145248413086,
      "max": 26.68997413635254
    }
  },
  "2025": {
    "bounds": {
      "south": 52.24607426809743,
      "west": 4.685825351769769,
      "north": 52.462172688706374,
      "east": 5.1180221929876595
    },
    "stats": {
      "min": 21.043794250488283,
      "max": 29.794439773559567
    }
  }
}