{
  "2024": {
    "bounds": {
      "south": 52.24607426809743,
      "west": 4.685825351769769,
      "north": 52.462172688706374,
      "east": 5.1180221929876595
    },
    "stats": {
      "min": 19.77664379119873,
      "max": 22.90496120452881
    }
  },
  "2025": {
    "bounds": {
      "south": 52.24607426809743,
      "west": 4.685825351769769,
      "north": 52.462172688706374,
      "east": 5.1180221929876595
    },
    "stats": {
      "min": 20.881745910644533,
      "max": 24.737907028198244
    }
  }
}